{
  "$schema": "https://raw.githubusercontent.com/JanDeDobbeleer/oh-my-posh/main/themes/schema.json",
  "blocks": [
    {
      "alignment": "left",
      "segments": [
        {
          "background": "#18354c",
          "foreground": "#ffc107",
          "leading_diamond": "\ue0b6",
          "properties": {
            "style": "folder"
          },
          "style": "diamond",
          "template": " \ue5ff {{ .Path }} ",
          "trailing_diamond": "\ue0b0",
          "type": "path"
        },
        {
          "background": "#18354c",
          "foreground": "#ffc107",
          "powerline_symbol": "\ue0b0",
          "properties": {
            "fetch_upstream_icon": true
          },
          "style": "powerline",
          "template": " {{ .UpstreamIcon }}{{ .HEAD }}{{ if gt .StashCount 0 }} \ueb4b {{ .StashCount }}{{ end }} ",
          "type": "git"
        },
        {
          "background": "#ffc107",
          "foreground": "#18354c",
          "powerline_symbol": "\ue0b0",
          "style": "powerline",
          "template": " \ue235 {{ if .Error }}{{ .Error }}{{ else }}{{ if .Venv }}{{ .Venv }} {{ end }}{{ .Full }}{{ end }} ",
          "type": "python"
        },
        {
          "background": "#ffc107",
          "foreground": "#18354c",
          "powerline_symbol": "\ue0b0",
          "style": "powerline",
          "template": " \uf0e7 ",
          "type": "root"
        }
      ],
      "type": "prompt"
    }
  ],
  "final_space": true,
  "version": 3
}
